,Colour,Memory,RAM,Battery_,AI Lens,Mobile Height,Processor_,Prize,Price Category,battery_efficiency,Rear_Camera_MP,Front_Camera_MP,price_per_ram,price_per_memory,Brand,Series,Model_Number
0,159,64.0,4.0,4871.587800369686,0.0,16.76,113,7299.0,5K-10K,1217.8969500924215,13,5,1824.75,114.046875,4,62,12.0
1,20,64.0,4.0,4871.587800369686,0.0,16.76,113,7299.0,5K-10K,1217.8969500924215,13,5,1824.75,114.046875,4,62,12.0
2,149,128.0,8.0,5000.0,0.0,16.64,75,11999.0,10K-15K,625.0,50,16,1499.875,93.7421875,6,38,12.0
3,201,32.0,2.0,5000.0,0.0,16.56,56,5649.0,5K-10K,2500.0,8,5,2824.5,176.53125,11,29,12.0
4,130,128.0,8.0,5000.0,0.0,16.76,14,8999.0,5K-10K,625.0,50,5,1124.875,70.3046875,4,43,12.0
5,88,128.0,8.0,5000.0,0.0,16.76,14,8999.0,5K-10K,625.0,50,5,1124.875,70.3046875,4,43,12.0
6,151,128.0,8.0,5000.0,0.0,16.76,14,8999.0,5K-10K,625.0,50,5,1124.875,70.3046875,4,43,12.0
7,65,128.0,8.0,5000.0,0.0,16.76,14,8999.0,5K-10K,625.0,50,5,1124.875,70.3046875,4,43,12.0
8,65,64.0,4.0,5000.0,0.0,16.76,14,7999.0,5K-10K,1250.0,50,5,1999.75,124.984375,4,43,12.0
9,151,64.0,4.0,5000.0,0.0,16.76,14,7999.0,5K-10K,1250.0,50,5,1999.75,124.984375,4,43,12.0
10,210,64.0,4.0,4871.587800369686,0.0,17.02,75,9499.0,5K-10K,1217.8969500924215,50,5,2374.75,148.421875,12,1,12.0
11,88,64.0,4.0,5000.0,0.0,16.76,14,7999.0,5K-10K,1250.0,50,5,1999.75,124.984375,4,43,12.0
12,71,64.0,4.0,4871.587800369686,0.0,16.76,113,7299.0,5K-10K,1217.8969500924215,13,5,1824.75,114.046875,4,62,12.0
13,267,128.0,4.0,4871.587800369686,0.0,16.76,12,10699.0,10K-15K,1217.8969500924215,50,8,2674.75,83.5859375,14,42,12.0
14,169,64.0,4.0,5000.0,0.0,16.51,65,7299.0,5K-10K,1250.0,13,5,1824.75,114.046875,14,42,12.0
15,201,64.0,4.0,5000.0,0.0,16.56,19,6999.0,5K-10K,1250.0,8,5,1749.75,109.359375,11,30,12.0
16,130,64.0,4.0,5000.0,0.0,16.76,14,7999.0,5K-10K,1250.0,50,5,1999.75,124.984375,4,43,12.0
17,186,64.0,4.0,5000.0,0.0,16.56,19,6999.0,5K-10K,1250.0,8,5,1749.75,109.359375,11,30,12.0
18,48,32.0,2.0,5000.0,0.0,16.56,56,5649.0,5K-10K,2500.0,8,5,2824.5,176.53125,11,29,12.0
19,46,64.0,4.0,5000.0,0.0,16.51,114,7299.0,5K-10K,1250.0,13,5,1824.75,114.046875,6,88,12.0
20,14,128.0,8.0,5000.0,0.0,16.71,5,15999.0,15K-20K,625.0,50,8,1999.875,124.9921875,22,67,12.0
21,131,128.0,8.0,5000.0,0.0,16.71,5,15999.0,15K-20K,625.0,50,8,1999.875,124.9921875,22,67,12.0
22,90,128.0,8.0,5000.0,0.0,16.71,5,15999.0,15K-20K,625.0,50,8,1999.875,124.9921875,22,67,12.0
23,131,128.0,6.0,5000.0,0.0,16.71,5,13999.0,10K-15K,833.3333333333334,50,8,2333.1666666666665,109.3671875,22,67,12.0
24,90,128.0,4.0,5000.0,0.0,16.71,5,12999.0,10K-15K,1250.0,50,8,3249.75,101.5546875,22,67,12.0
25,90,128.0,6.0,5000.0,0.0,16.71,5,13999.0,10K-15K,833.3333333333334,50,8,2333.1666666666665,109.3671875,22,67,12.0
26,131,128.0,4.0,5000.0,0.0,16.71,5,12999.0,10K-15K,1250.0,50,8,3249.75,101.5546875,22,67,12.0
27,131,128.0,6.0,5000.0,0.0,16.71,5,13999.0,10K-15K,833.3333333333334,50,8,2333.1666666666665,109.3671875,22,67,12.0
28,94,64.0,2.0,5000.0,0.0,16.76,107,6199.0,5K-10K,2500.0,8,5,3099.5,96.859375,4,63,12.0
29,25,32.0,3.0,5000.0,0.0,16.56,56,6599.0,5K-10K,1666.6666666666667,8,5,2199.6666666666665,206.21875,12,12,12.0
30,119,32.0,3.0,5000.0,0.0,16.56,56,6599.0,5K-10K,1666.6666666666667,8,5,2199.6666666666665,206.21875,12,12,12.0
31,186,64.0,4.0,5000.0,0.0,17.04,59,7749.0,5K-10K,1250.0,50,5,1937.25,121.078125,11,31,12.0
32,120,32.0,3.0,5000.0,0.0,16.56,56,6599.0,5K-10K,1666.6666666666667,8,5,2199.6666666666665,206.21875,12,12,12.0
33,40,64.0,4.0,5000.0,0.0,17.04,59,7749.0,5K-10K,1250.0,50,5,1937.25,121.078125,11,31,12.0
34,81,64.0,4.0,5000.0,0.0,17.04,59,7749.0,5K-10K,1250.0,50,5,1937.25,121.078125,11,31,12.0
35,40,128.0,6.0,5000.0,0.0,17.04,59,8999.0,5K-10K,833.3333333333334,50,5,1499.8333333333333,70.3046875,11,31,12.0
36,161,64.0,4.0,4871.587800369686,0.0,16.76,12,9699.0,5K-10K,1217.8969500924215,50,8,2424.75,151.546875,14,42,12.0
37,161,128.0,4.0,4871.587800369686,0.0,16.76,12,10699.0,10K-15K,1217.8969500924215,50,8,2674.75,83.5859375,14,42,12.0
38,133,128.0,4.0,5000.0,0.0,16.51,20,9999.0,5K-10K,1250.0,50,8,2499.75,78.1171875,6,92,12.0
39,40,64.0,4.0,5000.0,0.0,16.71,47,11999.0,10K-15K,1250.0,50,8,2999.75,187.484375,11,49,12.0
40,68,64.0,4.0,5000.0,0.0,16.51,58,7999.0,5K-10K,1250.0,50,8,1999.75,124.984375,6,90,12.0
41,35,128.0,6.0,4871.587800369686,0.0,17.02,75,10999.0,10K-15K,811.9313000616144,50,5,1833.1666666666667,85.9296875,12,1,12.0
42,111,64.0,4.0,5000.0,0.0,16.51,65,7299.0,5K-10K,1250.0,13,5,1824.75,114.046875,14,42,12.0
43,207,128.0,8.0,5000.0,0.0,16.64,75,11999.0,10K-15K,625.0,50,16,1499.875,93.7421875,6,38,12.0
44,249,64.0,4.0,4871.587800369686,0.0,17.02,75,9499.0,5K-10K,1217.8969500924215,50,5,2374.75,148.421875,12,1,12.0
45,247,128.0,4.0,4871.587800369686,0.0,16.76,12,10699.0,10K-15K,1217.8969500924215,50,8,2674.75,83.5859375,14,42,12.0
46,6,64.0,4.0,5000.0,0.0,16.51,58,7999.0,5K-10K,1250.0,50,8,1999.75,124.984375,6,90,12.0
47,117,128.0,4.0,5000.0,0.0,16.51,20,9999.0,5K-10K,1250.0,50,8,2499.75,78.1171875,6,92,12.0
48,6,64.0,4.0,5000.0,0.0,16.51,58,7999.0,5K-10K,1250.0,50,8,1999.75,124.984375,6,90,12.0
49,186,128.0,6.0,5000.0,0.0,17.04,59,8999.0,5K-10K,833.3333333333334,50,5,1499.8333333333333,70.3046875,11,31,12.0
50,264,128.0,8.0,4871.587800369686,0.0,16.21,104,20999.0,20K+,608.9484750462108,40,16,2624.875,164.0546875,22,66,12.0
51,162,128.0,8.0,4871.587800369686,0.0,16.21,104,20999.0,20K+,608.9484750462108,40,16,2624.875,164.0546875,22,66,12.0
52,84,128.0,6.0,5000.0,0.0,16.64,79,15499.0,15K-20K,833.3333333333334,50,16,2583.1666666666665,121.0859375,6,40,12.0
53,201,32.0,2.0,5000.0,0.0,16.56,56,6999.0,5K-10K,2500.0,8,5,3499.5,218.71875,11,29,12.0
54,162,128.0,6.0,4871.587800369686,0.0,16.21,104,18999.0,15K-20K,811.9313000616144,32,16,3166.5,148.4296875,22,66,12.0
55,264,128.0,6.0,4871.587800369686,0.0,16.21,104,18999.0,15K-20K,811.9313000616144,32,16,3166.5,148.4296875,22,66,12.0
56,273,64.0,4.0,5000.0,0.0,16.71,63,12499.0,10K-15K,1250.0,50,8,3124.75,195.296875,11,50,12.0
57,148,128.0,6.0,5000.0,0.0,16.64,79,15499.0,15K-20K,833.3333333333334,50,16,2583.1666666666665,121.0859375,6,40,12.0
58,186,64.0,4.0,5000.0,0.0,16.71,47,11999.0,10K-15K,1250.0,50,8,2999.75,187.484375,11,49,12.0
59,267,64.0,4.0,4871.587800369686,0.0,16.76,12,9699.0,5K-10K,1217.8969500924215,50,8,2424.75,151.546875,14,42,12.0
60,247,64.0,4.0,4871.587800369686,0.0,16.76,12,9699.0,5K-10K,1217.8969500924215,50,8,2424.75,151.546875,14,42,12.0
61,186,64.0,4.0,5000.0,0.0,16.71,63,12499.0,10K-15K,1250.0,50,8,3124.75,195.296875,11,50,12.0
62,50,64.0,4.0,5000.0,0.0,16.51,114,7299.0,5K-10K,1250.0,13,5,1824.75,114.046875,6,88,12.0
63,205,128.0,4.0,5000.0,0.0,16.51,116,10499.0,10K-15K,1250.0,50,5,2624.75,82.0234375,20,27,12.0
64,3,128.0,4.0,5000.0,0.0,16.51,116,10499.0,10K-15K,1250.0,50,5,2624.75,82.0234375,20,27,12.0
65,86,128.0,6.0,4871.587800369686,0.0,16.76,10,14490.0,10K-15K,811.9313000616144,50,13,2415.0,113.203125,14,42,12.0
66,146,128.0,8.0,5000.0,0.0,16.51,53,16999.0,15K-20K,625.0,50,16,2124.875,132.8046875,6,98,12.0
67,160,128.0,4.0,5000.0,0.0,16.51,116,10499.0,10K-15K,1250.0,50,5,2624.75,82.0234375,20,27,12.0
68,24,32.0,3.0,5000.0,0.0,16.51,116,6499.0,5K-10K,1666.6666666666667,8,5,2166.3333333333335,203.09375,20,24,12.0
69,114,32.0,3.0,5000.0,0.0,16.51,116,6499.0,5K-10K,1666.6666666666667,8,5,2166.3333333333335,203.09375,20,24,12.0
70,64,32.0,2.0,5000.0,0.0,16.51,116,5999.0,5K-10K,2500.0,8,5,2999.5,187.46875,20,24,12.0
71,64,32.0,3.0,5000.0,0.0,16.51,116,6499.0,5K-10K,1666.6666666666667,8,5,2166.3333333333335,203.09375,20,24,12.0
72,272,128.0,6.0,5000.0,0.0,16.94,77,15999.0,15K-20K,833.3333333333334,48,13,2666.5,124.9921875,11,74,12.0
73,119,32.0,2.0,5000.0,0.0,16.56,56,6299.0,5K-10K,2500.0,8,5,3149.5,196.84375,12,12,12.0
74,273,128.0,8.0,5000.0,0.0,16.33,62,13999.0,10K-15K,625.0,64,16,1749.875,109.3671875,11,49,12.0
75,148,128.0,8.0,5000.0,0.0,16.43120147874307,79,16499.0,15K-20K,625.0,50,16,2062.375,128.8984375,6,40,12.0
76,201,32.0,3.0,5000.0,0.0,16.56,56,6299.0,5K-10K,1666.6666666666667,8,5,2099.6666666666665,196.84375,11,29,12.0
77,104,128.0,6.0,5000.0,0.0,16.71,63,14499.0,10K-15K,833.3333333333334,50,8,2416.5,113.2734375,11,50,12.0
78,79,64.0,4.0,5000.0,0.0,16.71,22,9999.0,5K-10K,1250.0,50,8,2499.75,156.234375,12,3,12.0
79,252,128.0,8.0,5000.0,0.0,17.07,21,13999.0,10K-15K,625.0,64,8,1749.875,109.3671875,20,31,12.0
80,199,128.0,8.0,5000.0,0.0,17.07,21,13999.0,10K-15K,625.0,64,8,1749.875,109.3671875,20,31,12.0
81,252,64.0,6.0,5000.0,0.0,17.07,21,11999.0,10K-15K,833.3333333333334,64,8,1999.8333333333333,187.484375,20,31,12.0
82,198,128.0,8.0,5000.0,0.0,17.07,21,13999.0,10K-15K,625.0,64,8,1749.875,109.3671875,20,31,12.0
83,199,64.0,6.0,5000.0,0.0,17.07,21,11999.0,10K-15K,833.3333333333334,64,8,1999.8333333333333,187.484375,20,31,12.0
84,198,64.0,6.0,5000.0,0.0,17.07,21,11999.0,10K-15K,833.3333333333334,64,8,1999.8333333333333,187.484375,20,31,12.0
85,252,64.0,4.0,5000.0,0.0,17.07,21,10999.0,10K-15K,1250.0,64,8,2749.75,171.859375,20,31,12.0
86,198,64.0,4.0,5000.0,0.0,17.07,21,10999.0,10K-15K,1250.0,64,8,2749.75,171.859375,20,31,12.0
87,199,64.0,4.0,5000.0,0.0,17.07,21,10999.0,10K-15K,1250.0,64,8,2749.75,171.859375,20,31,12.0
88,84,128.0,8.0,5000.0,0.0,16.43120147874307,79,16499.0,15K-20K,625.0,50,16,2062.375,128.8984375,6,40,12.0
89,22,128.0,6.0,4871.587800369686,0.0,16.76,10,14490.0,10K-15K,811.9313000616144,50,13,2415.0,113.203125,14,42,12.0
90,22,128.0,4.0,4871.587800369686,0.0,16.76,10,13490.0,10K-15K,1217.8969500924215,50,13,3372.5,105.390625,14,42,12.0
91,22,128.0,4.0,4871.587800369686,0.0,16.76,10,13490.0,10K-15K,1217.8969500924215,50,13,3372.5,105.390625,14,42,12.0
92,35,64.0,4.0,4871.587800369686,0.0,17.02,75,9499.0,5K-10K,1217.8969500924215,50,5,2374.75,148.421875,12,1,12.0
93,180,64.0,4.0,5000.0,0.0,16.71,22,9999.0,5K-10K,1250.0,50,8,2499.75,156.234375,12,3,12.0
94,124,128.0,8.0,5000.0,0.0,16.51,53,16999.0,15K-20K,625.0,50,16,2124.875,132.8046875,6,98,12.0
95,104,64.0,4.0,5000.0,0.0,16.71,63,12499.0,10K-15K,1250.0,50,8,3124.75,195.296875,11,50,12.0
96,58,128.0,8.0,5000.0,0.0,17.07,79,19999.0,15K-20K,625.0,108,16,2499.875,156.2421875,20,1,12.0
97,156,128.0,6.0,5000.0,0.0,17.07,79,18999.0,15K-20K,833.3333333333334,108,16,3166.5,148.4296875,20,1,12.0
98,156,128.0,6.0,4871.587800369686,0.0,16.43120147874307,99,1449.0,<5K,811.9313000616144,0,0,241.5,11.3203125,7,45,12.0
99,186,128.0,6.0,5000.0,0.0,16.71,63,14499.0,10K-15K,833.3333333333334,50,8,2416.5,113.2734375,11,50,12.0
100,273,128.0,6.0,5000.0,0.0,16.71,63,14499.0,10K-15K,833.3333333333334,50,8,2416.5,113.2734375,11,50,12.0
101,273,128.0,8.0,5000.0,0.0,16.76,49,15999.0,15K-20K,625.0,50,16,1999.875,124.9921875,11,49,12.0
102,100,128.0,8.0,5000.0,0.0,17.07,79,19999.0,15K-20K,625.0,108,16,2499.875,156.2421875,20,1,12.0
103,58,128.0,6.0,5000.0,0.0,17.07,79,18999.0,15K-20K,833.3333333333334,108,16,3166.5,148.4296875,20,1,12.0
104,156,128.0,8.0,5000.0,0.0,17.07,79,19999.0,15K-20K,625.0,108,16,2499.875,156.2421875,20,1,12.0
105,100,128.0,6.0,5000.0,0.0,17.07,79,18999.0,15K-20K,833.3333333333334,108,16,3166.5,148.4296875,20,1,12.0
106,48,32.0,3.0,5000.0,0.0,16.56,56,6299.0,5K-10K,1666.6666666666667,8,5,2099.6666666666665,196.84375,11,29,12.0
107,27,128.0,8.0,5000.0,0.0,16.51,29,15999.0,15K-20K,625.0,48,16,1999.875,124.9921875,20,54,12.0
108,27,128.0,8.0,4871.587800369686,0.0,16.43120147874307,99,1849.0,<5K,608.9484750462108,2,0,231.125,14.4453125,17,5,12.0
109,80,128.0,8.0,5000.0,0.0,17.02,50,15999.0,15K-20K,625.0,108,16,1999.875,124.9921875,4,57,12.0
110,218,128.0,8.0,5000.0,0.0,17.02,50,15999.0,15K-20K,625.0,108,16,1999.875,124.9921875,4,57,12.0
111,253,128.0,6.0,5000.0,0.0,16.94,77,15999.0,15K-20K,833.3333333333334,48,13,2666.5,124.9921875,11,74,12.0
112,86,128.0,4.0,4871.587800369686,0.0,16.76,10,13490.0,10K-15K,1217.8969500924215,50,13,3372.5,105.390625,14,42,12.0
113,3,128.0,6.0,5000.0,0.0,16.76,83,16999.0,15K-20K,833.3333333333334,50,8,2833.1666666666665,132.8046875,14,42,12.0
114,175,128.0,6.0,4871.587800369686,0.0,17.02,75,10999.0,10K-15K,811.9313000616144,50,5,1833.1666666666667,85.9296875,12,1,12.0
115,164,128.0,4.0,4871.587800369686,0.0,16.76,10,13490.0,10K-15K,1217.8969500924215,50,13,3372.5,105.390625,14,42,12.0
116,164,128.0,4.0,4871.587800369686,0.0,16.43120147874307,99,1422.0,<5K,1217.8969500924215,0,0,355.5,11.109375,17,106,12.0
117,67,110.55083179297597,8.0,4871.587800369686,0.0,16.64,6,29999.0,20K+,608.9484750462108,50,32,3749.875,271.35933319957195,6,32,12.0
118,67,110.55083179297597,8.0,4871.587800369686,0.0,16.43120147874307,99,1299.0,<5K,608.9484750462108,0,0,162.375,11.750250802568218,17,0,12.0
119,273,64.0,4.0,5000.0,0.0,16.71,47,11999.0,10K-15K,1250.0,50,8,2999.75,187.484375,11,49,12.0
120,273,128.0,6.0,5000.0,0.0,16.71,47,13999.0,10K-15K,833.3333333333334,50,8,2333.1666666666665,109.3671875,11,49,12.0
121,145,64.0,4.0,4871.587800369686,0.0,17.02,75,9499.0,5K-10K,1217.8969500924215,50,5,2374.75,148.421875,12,1,12.0
122,106,64.0,2.0,5000.0,0.0,16.76,107,6199.0,5K-10K,2500.0,8,5,3099.5,96.859375,4,63,12.0
123,212,64.0,2.0,5000.0,0.0,16.76,107,6199.0,5K-10K,2500.0,8,5,3099.5,96.859375,4,63,12.0
124,112,64.0,2.0,5000.0,0.0,16.76,107,6199.0,5K-10K,2500.0,8,5,3099.5,96.859375,4,63,12.0
125,197,128.0,6.0,5000.0,0.0,16.51,41,12499.0,10K-15K,833.3333333333334,48,16,2083.1666666666665,97.6484375,20,54,12.0
126,2,64.0,4.0,5000.0,0.0,17.02,59,9999.0,5K-10K,1250.0,50,8,2499.75,156.234375,4,53,12.0
127,113,110.55083179297597,8.0,5000.0,0.0,16.94,77,17999.0,15K-20K,625.0,48,13,2249.875,162.81198167469236,11,74,12.0
128,202,64.0,4.0,5000.0,0.0,16.26,64,12499.0,10K-15K,1250.0,50,16,3124.75,195.296875,20,1,12.0
129,222,64.0,4.0,5000.0,0.0,16.76,42,11499.0,10K-15K,1250.0,50,16,2874.75,179.671875,20,8,12.0
130,164,128.0,6.0,4871.587800369686,0.0,16.76,10,14490.0,10K-15K,811.9313000616144,50,13,2415.0,113.203125,14,42,12.0
131,120,32.0,2.0,5000.0,0.0,16.56,56,6299.0,5K-10K,2500.0,8,5,3149.5,196.84375,12,12,12.0
132,164,128.0,6.0,4871.587800369686,0.0,16.76,10,14490.0,10K-15K,811.9313000616144,50,13,2415.0,113.203125,14,42,12.0
133,164,128.0,4.0,4871.587800369686,0.0,16.43120147874307,27,2615.0,<5K,1217.8969500924215,2,0,653.75,20.4296875,7,6,12.0
134,196,128.0,6.0,5000.0,0.0,16.51,41,12499.0,10K-15K,833.3333333333334,48,16,2083.1666666666665,97.6484375,20,54,12.0
135,36,128.0,6.0,4871.587800369686,0.0,16.43120147874307,15,28999.0,20K+,811.9313000616144,12,8,4833.166666666667,226.5546875,1,58,12.0
136,37,128.0,6.0,4871.587800369686,0.0,16.43120147874307,15,28999.0,20K+,811.9313000616144,12,8,4833.166666666667,226.5546875,1,58,12.0
137,25,32.0,2.0,5000.0,0.0,16.56,56,6299.0,5K-10K,2500.0,8,5,3149.5,196.84375,12,12,12.0
138,28,64.0,4.0,5000.0,0.0,16.76,7,11499.0,10K-15K,1250.0,50,8,2874.75,179.671875,4,43,12.0
139,139,64.0,4.0,5000.0,0.0,17.02,59,9999.0,5K-10K,1250.0,50,8,2499.75,156.234375,4,53,12.0
140,238,128.0,8.0,5000.0,0.0,16.81,95,23999.0,20K+,625.0,50,16,2999.875,187.4921875,20,41,12.0
141,176,128.0,8.0,5000.0,0.0,16.81,95,23999.0,20K+,625.0,50,16,2999.875,187.4921875,20,41,12.0
142,39,64.0,4.0,5000.0,0.0,16.26,64,12499.0,10K-15K,1250.0,50,16,3124.75,195.296875,20,1,12.0
143,248,64.0,6.0,5000.0,0.0,16.94,103,14999.0,10K-15K,833.3333333333334,50,13,2499.8333333333335,234.359375,12,57,12.0
144,223,64.0,4.0,5000.0,0.0,16.76,7,11499.0,10K-15K,1250.0,50,8,2874.75,179.671875,4,43,12.0
145,85,128.0,6.0,5000.0,0.0,16.94,73,18999.0,15K-20K,833.3333333333334,48,13,3166.5,148.4296875,12,57,12.0
146,132,128.0,6.0,5000.0,0.0,16.94,73,18999.0,15K-20K,833.3333333333334,48,13,3166.5,148.4296875,12,57,12.0
147,154,128.0,6.0,5000.0,0.0,16.94,73,18999.0,15K-20K,833.3333333333334,48,13,3166.5,148.4296875,12,57,12.0
148,80,64.0,4.0,5000.0,0.0,17.02,59,9999.0,5K-10K,1250.0,50,8,2499.75,156.234375,4,53,12.0
149,132,128.0,4.0,5000.0,0.0,16.94,73,16999.0,15K-20K,1250.0,48,13,4249.75,132.8046875,12,57,12.0
150,154,128.0,4.0,5000.0,0.0,16.94,73,16999.0,15K-20K,1250.0,48,13,4249.75,132.8046875,12,57,12.0
151,195,64.0,4.0,5000.0,0.0,16.76,7,11499.0,10K-15K,1250.0,50,8,2874.75,179.671875,4,43,12.0
152,195,64.0,4.0,4871.587800369686,0.0,16.43120147874307,0,2490.0,<5K,1217.8969500924215,2,0,622.5,38.90625,17,6,12.0
153,56,64.0,4.0,5000.0,0.0,16.51,43,7961.0,5K-10K,1250.0,13,5,1990.25,124.390625,14,42,12.0
154,157,110.55083179297597,8.0,4871.587800369686,0.0,16.64,6,29999.0,20K+,608.9484750462108,50,32,3749.875,271.35933319957195,6,32,12.0
155,157,110.55083179297597,8.0,4871.587800369686,0.0,16.43120147874307,99,1299.0,<5K,608.9484750462108,0,0,162.375,11.750250802568218,17,5,12.0
156,157,110.55083179297597,4.0,4871.587800369686,0.0,16.43120147874307,27,2499.0,<5K,1217.8969500924215,2,0,624.75,22.60498595505618,17,6,12.0
157,79,128.0,6.0,5000.0,0.0,16.71,22,11999.0,10K-15K,833.3333333333334,50,8,1999.8333333333333,93.7421875,12,3,12.0
158,180,128.0,6.0,5000.0,0.0,16.71,22,11999.0,10K-15K,833.3333333333334,50,8,1999.8333333333333,93.7421875,12,3,12.0
159,237,110.55083179297597,8.0,4871.587800369686,0.0,16.76,8,23999.0,20K+,608.9484750462108,64,16,2999.875,217.08565743713217,12,46,12.0
160,34,64.0,4.0,5000.0,0.0,16.51,109,8999.0,5K-10K,1250.0,48,8,2249.75,140.609375,6,91,12.0
161,44,128.0,6.0,5000.0,0.0,16.59,57,9499.0,5K-10K,833.3333333333334,13,5,1583.1666666666667,74.2109375,12,9,12.0
162,101,64.0,6.0,5000.0,0.0,16.94,103,14999.0,10K-15K,833.3333333333334,50,13,2499.8333333333335,234.359375,12,57,12.0
163,43,128.0,6.0,5000.0,0.0,16.76,83,16999.0,15K-20K,833.3333333333334,50,8,2833.1666666666665,132.8046875,14,42,12.0
164,11,64.0,4.0,5000.0,0.0,16.43,75,11248.0,10K-15K,1250.0,50,16,2812.0,175.75,6,95,12.0
165,269,128.0,4.0,4871.587800369686,0.0,16.51,39,9999.0,5K-10K,1217.8969500924215,13,8,2499.75,78.1171875,20,23,12.0
166,99,110.55083179297597,8.0,5000.0,0.0,16.94,84,23999.0,20K+,625.0,108,16,2999.875,217.08565743713217,11,74,12.0
167,224,128.0,6.0,5000.0,0.0,16.76,42,17999.0,15K-20K,833.3333333333334,50,16,2999.8333333333335,140.6171875,20,8,12.0
168,39,128.0,8.0,5000.0,0.0,16.26,64,15499.0,15K-20K,625.0,50,16,1937.375,121.0859375,20,1,12.0
169,46,64.0,2.0,5000.0,0.0,16.51,114,6799.0,5K-10K,2500.0,13,5,3399.5,106.234375,6,88,12.0
170,81,128.0,6.0,5000.0,0.0,16.76,83,16999.0,15K-20K,833.3333333333334,50,8,2833.1666666666665,132.8046875,14,42,12.0
171,273,128.0,6.0,5000.0,0.0,16.51,28,14499.0,10K-15K,833.3333333333334,48,8,2416.5,113.2734375,11,48,12.0
172,80,32.0,2.0,5000.0,0.0,16.76,56,5999.0,5K-10K,2500.0,8,5,2999.5,187.46875,4,63,12.0
173,4,32.0,2.0,5000.0,0.0,16.76,56,5999.0,5K-10K,2500.0,8,5,2999.5,187.46875,4,63,12.0
174,172,32.0,2.0,5000.0,0.0,16.76,56,5999.0,5K-10K,2500.0,8,5,2999.5,187.46875,4,63,12.0
175,8,110.55083179297597,8.0,5000.0,0.0,16.94,84,23999.0,20K+,625.0,108,16,2999.875,217.08565743713217,11,74,12.0
176,85,128.0,4.0,5000.0,0.0,16.94,73,16999.0,15K-20K,1250.0,48,13,4249.75,132.8046875,12,57,12.0
177,126,64.0,6.0,5000.0,0.0,16.94,103,14999.0,10K-15K,833.3333333333334,50,13,2499.8333333333335,234.359375,12,57,12.0
178,28,128.0,6.0,5000.0,0.0,16.76,7,13499.0,10K-15K,833.3333333333334,50,8,2249.8333333333335,105.4609375,4,44,12.0
179,57,64.0,4.0,5000.0,0.0,16.56,116,8749.0,5K-10K,1250.0,13,5,2187.25,136.703125,20,26,12.0
180,122,32.0,3.0,5000.0,0.0,16.56,116,8049.0,5K-10K,1666.6666666666667,13,5,2683.0,251.53125,20,26,12.0
181,122,32.0,3.0,4871.587800369686,0.0,16.43120147874307,99,1375.0,<5K,1623.8626001232287,0,0,458.3333333333333,42.96875,17,106,12.0
182,122,32.0,3.0,4871.587800369686,0.0,16.43120147874307,99,1599.0,<5K,1623.8626001232287,0,0,533.0,49.96875,18,106,12.0
183,114,64.0,4.0,5000.0,0.0,16.66,57,12499.0,10K-15K,1250.0,50,5,3124.75,195.296875,9,13,12.0
184,21,128.0,8.0,5000.0,0.0,16.76,84,17999.0,15K-20K,625.0,48,16,2249.875,140.6171875,20,9,12.0
185,234,128.0,8.0,5000.0,0.0,16.76,84,17999.0,15K-20K,625.0,48,16,2249.875,140.6171875,20,9,12.0
186,221,128.0,6.0,5000.0,0.0,16.76,50,16999.0,15K-20K,833.3333333333334,50,8,2833.1666666666665,132.8046875,20,11,12.0
187,200,64.0,4.0,5000.0,0.0,16.76,50,14999.0,10K-15K,1250.0,50,8,3749.75,234.359375,20,11,12.0
188,40,128.0,8.0,5000.0,0.0,16.33,62,13999.0,10K-15K,625.0,64,16,1749.875,109.3671875,11,49,12.0
189,205,64.0,4.0,5000.0,0.0,16.51,116,9999.0,5K-10K,1250.0,50,5,2499.75,156.234375,20,27,12.0
190,3,64.0,4.0,5000.0,0.0,16.51,116,9999.0,5K-10K,1250.0,50,5,2499.75,156.234375,20,27,12.0
191,160,64.0,4.0,5000.0,0.0,16.51,116,9999.0,5K-10K,1250.0,50,5,2499.75,156.234375,20,27,12.0
192,57,32.0,3.0,5000.0,0.0,16.56,116,8049.0,5K-10K,1666.6666666666667,13,5,2683.0,251.53125,20,26,12.0
193,57,32.0,4.0,4871.587800369686,0.0,16.43120147874307,27,2499.0,<5K,1217.8969500924215,2,0,624.75,78.09375,17,5,12.0
194,223,128.0,6.0,5000.0,0.0,16.76,7,13499.0,10K-15K,833.3333333333334,50,8,2249.8333333333335,105.4609375,4,44,12.0
195,138,128.0,6.0,5000.0,0.0,16.76,50,16999.0,15K-20K,833.3333333333334,50,8,2833.1666666666665,132.8046875,20,11,12.0
196,200,128.0,6.0,5000.0,0.0,16.76,50,16999.0,15K-20K,833.3333333333334,50,8,2833.1666666666665,132.8046875,20,11,12.0
197,221,64.0,4.0,5000.0,0.0,16.76,50,14999.0,10K-15K,1250.0,50,8,3749.75,234.359375,20,11,12.0
198,51,32.0,3.0,5000.0,0.0,16.51,115,7499.0,5K-10K,1666.6666666666667,13,5,2499.6666666666665,234.34375,20,22,12.0
199,56,32.0,3.0,5000.0,0.0,16.51,117,7245.0,5K-10K,1666.6666666666667,8,5,2415.0,226.40625,20,54,12.0
200,272,110.55083179297597,8.0,5000.0,0.0,16.94,77,17999.0,15K-20K,625.0,48,13,2249.875,162.81198167469236,11,74,12.0
201,228,110.55083179297597,8.0,5000.0,0.0,16.94,44,26999.0,20K+,625.0,50,16,3374.875,244.22249531835206,12,57,12.0
202,228,128.0,6.0,5000.0,0.0,16.94,44,23999.0,20K+,833.3333333333334,50,16,3999.8333333333335,187.4921875,12,57,12.0
203,122,64.0,4.0,5000.0,0.0,16.56,116,8749.0,5K-10K,1250.0,13,5,2187.25,136.703125,20,26,12.0
204,99,128.0,6.0,5000.0,0.0,16.94,84,21999.0,20K+,833.3333333333334,108,16,3666.5,171.8671875,11,74,12.0
205,244,128.0,8.0,5000.0,0.0,17.22,52,15999.0,15K-20K,625.0,50,16,1999.875,124.9921875,4,87,12.0
206,273,128.0,6.0,5000.0,0.0,16.94,79,17499.0,15K-20K,833.3333333333334,64,16,2916.5,136.7109375,11,73,12.0
207,143,128.0,8.0,5000.0,0.0,16.76,79,21499.0,20K+,625.0,50,16,2687.375,167.9609375,6,99,12.0
208,138,64.0,4.0,5000.0,0.0,16.76,50,14999.0,10K-15K,1250.0,50,8,3749.75,234.359375,20,11,12.0
209,103,110.55083179297597,8.0,4871.587800369686,0.0,16.94,44,29999.0,20K+,608.9484750462108,200,16,3749.875,271.35933319957195,12,57,12.0
210,147,128.0,8.0,5000.0,0.0,16.36,75,17999.0,15K-20K,625.0,50,16,2249.875,140.6171875,22,65,12.0
211,102,128.0,8.0,5000.0,0.0,16.36,75,17999.0,15K-20K,625.0,50,16,2249.875,140.6171875,22,65,12.0
212,236,128.0,6.0,5000.0,0.0,16.36,75,15999.0,15K-20K,833.3333333333334,50,16,2666.5,124.9921875,22,65,12.0
213,147,128.0,4.0,5000.0,0.0,16.36,75,14499.0,10K-15K,1250.0,50,16,3624.75,113.2734375,22,65,12.0
214,102,128.0,6.0,5000.0,0.0,16.36,75,15999.0,15K-20K,833.3333333333334,50,16,2666.5,124.9921875,22,65,12.0
215,271,128.0,8.0,5000.0,0.0,16.76,79,21499.0,20K+,625.0,50,16,2687.375,167.9609375,6,99,12.0
216,23,128.0,6.0,5000.0,0.0,16.26,59,12999.0,10K-15K,833.3333333333334,50,13,2166.5,101.5546875,6,94,12.0
217,166,110.55083179297597,8.0,4871.587800369686,0.0,16.94,44,29999.0,20K+,608.9484750462108,200,16,3749.875,271.35933319957195,12,57,12.0
218,150,32.0,3.0,5000.0,0.0,16.51,119,7115.0,5K-10K,1666.6666666666667,8,5,2371.6666666666665,222.34375,20,104,12.0
219,15,64.0,2.0,5000.0,0.0,16.51,114,6799.0,5K-10K,2500.0,13,5,3399.5,106.234375,6,88,12.0
220,88,128.0,6.0,5000.0,0.0,16.94,44,23999.0,20K+,833.3333333333334,50,16,3999.8333333333335,187.4921875,12,57,12.0
221,236,128.0,4.0,5000.0,0.0,16.36,75,14499.0,10K-15K,1250.0,50,16,3624.75,113.2734375,22,65,12.0
222,181,128.0,8.0,4871.587800369686,0.0,16.76,88,16228.375231053604,,608.9484750462108,50,10,2028.5469038817005,126.78418149260628,14,42,12.0
223,179,128.0,8.0,5000.0,0.0,17.22,52,15999.0,15K-20K,625.0,50,16,1999.875,124.9921875,4,87,12.0
224,273,110.55083179297597,8.0,5000.0,0.0,16.94,84,23999.0,20K+,625.0,108,16,2999.875,217.08565743713217,11,74,12.0
225,163,128.0,8.0,4871.587800369686,0.0,17.22,48,31062.5,,608.9484750462108,50,50,3882.8125,242.67578125,22,70,12.0
226,226,64.0,4.0,5000.0,0.0,16.76,62,12999.0,10K-15K,1250.0,50,16,3249.75,203.109375,20,54,12.0
227,75,64.0,4.0,4871.587800369686,0.0,17.259999999999994,31,8499.0,5K-10K,1217.8969500924215,13,8,2124.75,132.796875,4,43,12.0
228,15,64.0,4.0,4871.587800369686,0.0,17.259999999999994,31,8499.0,5K-10K,1217.8969500924215,13,8,2124.75,132.796875,4,43,12.0
229,125,64.0,4.0,4871.587800369686,0.0,17.259999999999994,31,8499.0,5K-10K,1217.8969500924215,13,8,2124.75,132.796875,4,43,12.0
230,195,64.0,4.0,4871.587800369686,0.0,17.259999999999994,31,8499.0,5K-10K,1217.8969500924215,13,8,2124.75,132.796875,4,43,12.0
231,226,128.0,6.0,5000.0,0.0,16.76,62,12999.0,10K-15K,833.3333333333334,50,16,2166.5,101.5546875,20,54,12.0
232,253,110.55083179297597,8.0,5000.0,0.0,16.94,77,17999.0,15K-20K,625.0,48,13,2249.875,162.81198167469236,11,74,12.0
233,38,128.0,6.0,5000.0,0.0,16.76,75,13999.0,10K-15K,833.3333333333334,50,16,2333.1666666666665,109.3671875,6,96,12.0
234,236,128.0,8.0,5000.0,0.0,16.36,75,17999.0,15K-20K,625.0,50,16,2249.875,140.6171875,22,65,12.0
235,147,128.0,6.0,5000.0,0.0,16.36,75,15999.0,15K-20K,833.3333333333334,50,16,2666.5,124.9921875,22,65,12.0
236,225,128.0,6.0,5000.0,0.0,16.76,62,12999.0,10K-15K,833.3333333333334,50,16,2166.5,101.5546875,20,54,12.0
237,29,64.0,3.0,5000.0,0.0,16.66,65,9499.0,5K-10K,1666.6666666666667,8,5,3166.3333333333335,148.421875,9,15,12.0
238,228,128.0,8.0,5000.0,0.0,16.94,44,25999.0,20K+,625.0,50,16,3249.875,203.1171875,12,57,12.0
239,129,128.0,8.0,4871.587800369686,0.0,17.22,48,31062.5,,608.9484750462108,50,50,3882.8125,242.67578125,22,70,12.0
240,268,128.0,4.0,4871.587800369686,0.0,16.51,39,10999.0,10K-15K,1217.8969500924215,13,8,2749.75,85.9296875,20,23,12.0
241,45,128.0,8.0,5000.0,0.0,17.22,52,15999.0,15K-20K,625.0,50,16,1999.875,124.9921875,4,87,12.0
242,219,110.55083179297597,8.0,5000.0,0.0,16.94,80,29999.0,20K+,625.0,64,16,3749.875,271.35933319957195,11,36,12.0
243,128,16.0,2.0,5000.0,0.0,16.43120147874307,68,4999.0,<5K,2500.0,13,5,2499.5,312.4375,21,101,12.0
244,128,16.0,8.0,4871.587800369686,0.0,16.43120147874307,24,3549.0,<5K,608.9484750462108,2,0,443.625,221.8125,21,101,12.0
245,128,16.0,4.0,4871.587800369686,0.0,16.43120147874307,26,1699.0,<5K,1217.8969500924215,0,0,424.75,106.1875,21,103,12.0
246,128,16.0,4.0,4871.587800369686,0.0,16.43120147874307,106,920.0,<5K,1217.8969500924215,0,0,230.0,57.5,21,102,12.0
247,128,16.0,4.0,4871.587800369686,0.0,16.43120147874307,106,920.0,<5K,1217.8969500924215,0,0,230.0,57.5,21,102,12.0
248,145,128.0,6.0,4871.587800369686,0.0,17.02,75,10999.0,10K-15K,811.9313000616144,50,5,1833.1666666666667,85.9296875,12,1,12.0
249,114,64.0,4.0,5000.0,0.0,16.66,57,11970.0,10K-15K,1250.0,50,5,2992.5,187.03125,9,13,12.0
250,114,64.0,4.0,4871.587800369686,0.0,16.43120147874307,66,1199.0,<5K,1217.8969500924215,0,0,299.75,18.734375,17,106,12.0
251,248,128.0,6.0,5000.0,0.0,16.94,103,16999.0,15K-20K,833.3333333333334,50,13,2833.1666666666665,132.8046875,12,57,12.0
252,183,128.0,6.0,5000.0,0.0,16.71,22,11999.0,10K-15K,833.3333333333334,50,8,1999.8333333333333,93.7421875,12,3,12.0
253,168,128.0,8.0,5000.0,0.0,16.94,44,25999.0,20K+,625.0,50,16,3249.875,203.1171875,12,57,12.0
254,213,32.0,3.0,5000.0,0.0,16.56,115,5999.0,5K-10K,1666.6666666666667,8,5,1999.6666666666667,187.46875,7,45,12.0
255,7,110.55083179297597,8.0,4871.587800369686,0.0,16.94,44,29999.0,20K+,608.9484750462108,200,16,3749.875,271.35933319957195,12,57,12.0
256,126,128.0,6.0,5000.0,0.0,16.94,103,16999.0,15K-20K,833.3333333333334,50,13,2833.1666666666665,132.8046875,12,57,12.0
257,245,64.0,4.0,5000.0,0.0,16.66,57,12499.0,10K-15K,1250.0,50,5,3124.75,195.296875,9,13,12.0
258,145,64.0,4.0,5000.0,0.0,16.66,57,12499.0,10K-15K,1250.0,50,5,3124.75,195.296875,9,13,12.0
259,273,128.0,6.0,5000.0,0.0,16.94,84,21999.0,20K+,833.3333333333334,108,16,3666.5,171.8671875,11,74,12.0
260,15,110.55083179297597,8.0,4871.587800369686,0.0,16.26,52,21999.0,20K+,608.9484750462108,50,16,2749.875,198.99443218298555,20,9,12.0
261,145,110.55083179297597,8.0,4871.587800369686,0.0,16.26,52,21999.0,20K+,608.9484750462108,50,16,2749.875,198.99443218298555,20,9,12.0
262,183,64.0,4.0,5000.0,0.0,16.71,22,9999.0,5K-10K,1250.0,50,8,2499.75,156.234375,12,3,12.0
263,88,110.55083179297597,8.0,5000.0,0.0,16.94,44,26999.0,20K+,625.0,50,16,3374.875,244.22249531835206,12,57,12.0
264,168,128.0,6.0,5000.0,0.0,16.94,44,23999.0,20K+,833.3333333333334,50,16,3999.8333333333335,187.4921875,12,57,12.0
265,101,128.0,6.0,5000.0,0.0,16.94,103,16999.0,15K-20K,833.3333333333334,50,13,2833.1666666666665,132.8046875,12,57,12.0
266,197,64.0,4.0,5000.0,0.0,16.51,41,13499.0,10K-15K,1250.0,48,16,3374.75,210.921875,20,54,12.0
267,8,128.0,6.0,5000.0,0.0,16.94,84,21999.0,20K+,833.3333333333334,108,16,3666.5,171.8671875,11,74,12.0
268,73,64.0,4.0,4871.587800369686,0.0,17.259999999999994,67,8999.0,5K-10K,1217.8969500924215,50,8,2249.75,140.609375,4,44,12.0
269,184,64.0,4.0,4871.587800369686,0.0,17.259999999999994,67,8999.0,5K-10K,1217.8969500924215,50,8,2249.75,140.609375,4,44,12.0
270,0,64.0,4.0,4871.587800369686,0.0,17.259999999999994,67,8999.0,5K-10K,1217.8969500924215,50,8,2249.75,140.609375,4,44,12.0
271,259,64.0,4.0,4871.587800369686,0.0,17.259999999999994,67,8999.0,5K-10K,1217.8969500924215,50,8,2249.75,140.609375,4,44,12.0
272,103,110.55083179297597,4.0,4871.587800369686,0.0,16.94,44,31062.5,,1217.8969500924215,200,16,7765.625,280.9793422284644,12,57,12.0
273,149,64.0,4.0,5000.0,0.0,16.64,75,10999.0,10K-15K,1250.0,50,16,2749.75,171.859375,6,38,12.0
274,142,128.0,6.0,5000.0,0.0,16.64,63,16999.0,15K-20K,833.3333333333334,108,16,2833.1666666666665,132.8046875,6,97,12.0
275,31,32.0,3.0,5000.0,0.0,16.56,115,5999.0,5K-10K,1666.6666666666667,8,5,1999.6666666666667,187.46875,7,45,12.0
276,66,128.0,4.0,5000.0,0.0,16.54,65,12990.0,10K-15K,1250.0,13,5,3247.5,101.484375,22,77,12.0
277,127,110.55083179297597,8.0,4871.587800369686,0.0,16.64,6,29999.0,20K+,608.9484750462108,50,32,3749.875,271.35933319957195,6,32,12.0
278,273,64.0,6.0,5000.0,0.0,16.94,79,16499.0,15K-20K,833.3333333333334,64,16,2749.8333333333335,257.796875,11,73,12.0
279,33,110.55083179297597,8.0,5000.0,0.0,16.94,80,29999.0,20K+,625.0,64,16,3749.875,271.35933319957195,11,36,12.0
280,246,110.55083179297597,8.0,4871.587800369686,0.0,16.26,52,21999.0,20K+,608.9484750462108,50,16,2749.875,198.99443218298555,20,9,12.0
281,33,32.0,2.0,5000.0,0.0,16.51,100,6978.0,5K-10K,2500.0,8,5,3489.0,218.0625,20,54,12.0
282,150,32.0,2.0,5000.0,0.0,16.51,100,7370.0,5K-10K,2500.0,8,5,3685.0,230.3125,20,54,12.0
283,7,110.55083179297597,2.0,4871.587800369686,0.0,16.94,44,31062.5,,2435.793900184843,200,16,15531.25,280.9793422284644,12,57,12.0
284,50,64.0,2.0,5000.0,0.0,16.51,114,6799.0,5K-10K,2500.0,13,5,3399.5,106.234375,6,88,12.0
285,81,128.0,4.0,5000.0,0.0,16.76,83,15999.0,15K-20K,1250.0,50,8,3999.75,124.9921875,14,42,12.0
286,181,128.0,8.0,4871.587800369686,0.0,17.02,97,16228.375231053604,,608.9484750462108,12,10,2028.5469038817005,126.78418149260628,14,42,12.0
287,40,128.0,6.0,5000.0,0.0,16.76,49,16999.0,15K-20K,833.3333333333334,50,16,2833.1666666666665,132.8046875,11,49,12.0
288,11,64.0,4.0,5000.0,0.0,16.43,75,13999.0,10K-15K,1250.0,50,16,3499.75,218.734375,6,95,12.0
289,40,128.0,6.0,5000.0,0.0,16.71,47,13999.0,10K-15K,833.3333333333334,50,8,2333.1666666666665,109.3671875,11,49,12.0
290,160,32.0,3.0,5000.0,0.0,16.51,116,8999.0,5K-10K,1666.6666666666667,50,5,2999.6666666666665,281.21875,20,27,12.0
291,3,32.0,3.0,5000.0,0.0,16.51,116,8999.0,5K-10K,1666.6666666666667,50,5,2999.6666666666665,281.21875,20,27,12.0
292,56,64.0,4.0,5000.0,0.0,16.51,117,8995.0,5K-10K,1250.0,8,5,2248.75,140.546875,20,54,12.0
293,95,128.0,8.0,4871.587800369686,0.0,17.02,55,15999.0,15K-20K,608.9484750462108,108,60,1999.875,124.9921875,4,87,12.0
294,54,128.0,8.0,4871.587800369686,0.0,17.02,55,15999.0,15K-20K,608.9484750462108,108,60,1999.875,124.9921875,4,87,12.0
295,191,128.0,4.0,5000.0,0.0,16.26,41,13499.0,10K-15K,1250.0,64,16,3374.75,105.4609375,20,7,12.0
296,160,64.0,4.0,5000.0,0.0,16.51,116,9999.0,5K-10K,1250.0,50,5,2499.75,156.234375,20,27,12.0
297,205,64.0,4.0,5000.0,0.0,16.51,116,9999.0,5K-10K,1250.0,50,5,2499.75,156.234375,20,27,12.0
298,3,64.0,4.0,5000.0,0.0,16.51,116,9999.0,5K-10K,1250.0,50,5,2499.75,156.234375,20,27,12.0
299,53,128.0,8.0,5000.0,0.0,16.26,41,15499.0,15K-20K,625.0,64,16,1937.375,121.0859375,20,7,12.0
300,60,128.0,8.0,5000.0,0.0,16.71,75,16999.0,15K-20K,625.0,50,16,2124.875,132.8046875,22,81,12.0
301,1,128.0,8.0,5000.0,0.0,16.71,75,16999.0,15K-20K,625.0,50,16,2124.875,132.8046875,22,81,12.0
302,15,128.0,8.0,4871.587800369686,0.0,16.64,86,24999.0,20K+,608.9484750462108,50,32,3124.875,195.3046875,6,32,12.0
303,185,128.0,6.0,5000.0,0.0,16.64,63,16999.0,15K-20K,833.3333333333334,108,16,2833.1666666666665,132.8046875,6,97,12.0
304,38,64.0,4.0,5000.0,0.0,16.76,75,11249.0,10K-15K,1250.0,50,16,2812.25,175.765625,6,96,12.0
305,47,128.0,8.0,4871.587800369686,0.0,16.64,96,16228.375231053604,,608.9484750462108,50,32,2028.5469038817005,126.78418149260628,6,32,12.0
306,194,128.0,6.0,4871.587800369686,0.0,16.76,8,21174.0,20K+,811.9313000616144,64,16,3529.0,165.421875,12,46,12.0
307,80,64.0,4.0,5000.0,0.0,17.02,40,10999.0,10K-15K,1250.0,50,16,2749.75,171.859375,4,57,12.0
308,209,128.0,8.0,4871.587800369686,0.0,16.43120147874307,108,16228.375231053604,,608.9484750462108,64,13,2028.5469038817005,126.78418149260628,1,58,12.0
309,37,128.0,8.0,4871.587800369686,0.0,16.43120147874307,108,16228.375231053604,,608.9484750462108,64,13,2028.5469038817005,126.78418149260628,1,58,12.0
310,105,64.0,4.0,5000.0,0.0,16.76,36,7993.0,5K-10K,1250.0,13,8,1998.25,124.890625,15,64,12.0
311,216,64.0,4.0,5000.0,0.0,16.76,36,8069.0,5K-10K,1250.0,13,8,2017.25,126.078125,15,64,12.0
312,141,128.0,8.0,4871.587800369686,0.0,16.64,86,24999.0,20K+,608.9484750462108,50,32,3124.875,195.3046875,6,32,12.0
313,248,128.0,8.0,4871.587800369686,0.0,17.02,77,29999.0,20K+,608.9484750462108,108,32,3749.875,234.3671875,9,61,12.0
314,59,64.0,4.0,5000.0,0.0,16.76,101,16499.0,15K-20K,1250.0,50,13,4124.75,257.796875,14,42,12.0
315,133,64.0,4.0,5000.0,0.0,16.51,20,9499.0,5K-10K,1250.0,50,8,2374.75,148.421875,6,92,12.0
316,88,128.0,8.0,5000.0,0.0,16.94,44,25999.0,20K+,625.0,50,16,3249.875,203.1171875,12,57,12.0
317,69,110.55083179297597,8.0,5000.0,0.0,16.94,80,29999.0,20K+,625.0,64,16,3749.875,271.35933319957195,11,36,12.0
318,25,128.0,6.0,5000.0,0.0,16.76,101,18999.0,15K-20K,833.3333333333334,50,13,3166.5,148.4296875,14,42,12.0
319,145,128.0,8.0,4871.587800369686,0.0,17.02,77,29999.0,20K+,608.9484750462108,108,32,3749.875,234.3671875,9,61,12.0
320,120,128.0,6.0,5000.0,0.0,16.76,101,18999.0,15K-20K,833.3333333333334,50,13,3166.5,148.4296875,14,42,12.0
321,80,128.0,6.0,5000.0,0.0,17.02,40,12999.0,10K-15K,833.3333333333334,50,16,2166.5,101.5546875,4,57,12.0
322,3,128.0,4.0,5000.0,0.0,16.76,83,15999.0,15K-20K,1250.0,50,8,3999.75,124.9921875,14,42,12.0
323,211,64.0,4.0,5000.0,0.0,16.59,35,8999.0,5K-10K,1250.0,13,5,2249.75,140.609375,11,26,12.0
324,175,64.0,4.0,4871.587800369686,0.0,17.02,75,9499.0,5K-10K,1217.8969500924215,50,5,2374.75,148.421875,12,1,12.0
325,12,64.0,6.0,4871.587800369686,0.0,16.94,82,17999.0,15K-20K,811.9313000616144,64,20,2999.8333333333335,281.234375,11,71,12.0
326,219,110.55083179297597,6.0,5000.0,0.0,16.94,80,31062.5,,833.3333333333334,64,16,5177.083333333333,280.9793422284644,11,36,12.0
327,217,128.0,8.0,4871.587800369686,0.0,16.43120147874307,108,16228.375231053604,,608.9484750462108,64,13,2028.5469038817005,126.78418149260628,1,58,12.0
328,270,128.0,8.0,4871.587800369686,0.0,16.64,87,30499.0,,608.9484750462108,50,16,3812.375,238.2734375,19,105,12.0
329,274,128.0,8.0,4871.587800369686,0.0,16.64,87,30999.0,,608.9484750462108,50,16,3874.875,242.1796875,1,58,12.0
330,78,64.0,4.0,5000.0,0.0,16.51,68,7999.0,5K-10K,1250.0,13,8,1999.75,124.984375,2,47,12.0
331,207,64.0,4.0,5000.0,0.0,16.64,75,10999.0,10K-15K,1250.0,50,16,2749.75,171.859375,6,38,12.0
332,259,64.0,4.0,5000.0,0.0,16.76,35,9290.0,5K-10K,1250.0,50,8,2322.5,145.15625,15,64,12.0
333,273,64.0,4.0,5000.0,0.0,16.76,49,14999.0,10K-15K,1250.0,50,16,3749.75,234.359375,11,49,12.0
334,109,64.0,4.0,5000.0,0.0,16.76,35,8449.0,5K-10K,1250.0,50,8,2112.25,132.015625,15,64,12.0
335,179,110.55083179297597,8.0,5000.0,0.0,17.22,44,17999.0,15K-20K,625.0,50,16,2249.875,162.81198167469236,4,87,12.0
336,256,64.0,4.0,5000.0,0.0,16.76,35,8495.0,5K-10K,1250.0,50,8,2123.75,132.734375,15,64,12.0
337,244,110.55083179297597,8.0,5000.0,0.0,17.22,44,17999.0,15K-20K,625.0,50,16,2249.875,162.81198167469236,4,87,12.0
338,29,64.0,4.0,5000.0,0.0,16.51,68,7999.0,5K-10K,1250.0,13,8,1999.75,124.984375,2,47,12.0
339,241,64.0,4.0,5000.0,0.0,16.54,65,11999.0,10K-15K,1250.0,13,5,2999.75,187.484375,22,77,12.0
340,66,64.0,3.0,5000.0,0.0,16.54,65,10499.0,10K-15K,1666.6666666666667,13,5,3499.6666666666665,164.046875,22,77,12.0
341,241,128.0,4.0,5000.0,0.0,16.54,65,12999.0,10K-15K,1250.0,13,5,3249.75,101.5546875,22,77,12.0
342,25,128.0,8.0,4871.587800369686,0.0,16.64,87,29499.0,20K+,608.9484750462108,50,16,3687.375,230.4609375,19,105,12.0
343,237,128.0,6.0,4871.587800369686,0.0,16.76,8,20998.0,20K+,811.9313000616144,64,16,3499.6666666666665,164.046875,12,46,12.0
344,259,64.0,4.0,5000.0,0.0,16.76,35,9290.0,5K-10K,1250.0,50,8,2322.5,145.15625,15,64,12.0
345,194,110.55083179297597,8.0,4871.587800369686,0.0,16.76,8,23999.0,20K+,608.9484750462108,64,16,2999.875,217.08565743713217,12,46,12.0
346,91,128.0,8.0,5000.0,0.0,16.66,3,19280.0,15K-20K,625.0,13,5,2410.0,150.625,9,19,12.0
347,10,64.0,4.0,5000.0,0.0,16.76,35,8649.0,5K-10K,1250.0,50,8,2162.25,135.140625,15,64,12.0
348,45,110.55083179297597,8.0,5000.0,0.0,17.22,44,17999.0,15K-20K,625.0,50,16,2249.875,162.81198167469236,4,87,12.0
349,241,64.0,3.0,5000.0,0.0,16.54,65,10999.0,10K-15K,1666.6666666666667,13,5,3666.3333333333335,171.859375,22,77,12.0
350,115,128.0,8.0,5000.0,0.0,16.94,79,19499.0,15K-20K,625.0,64,16,2437.375,152.3359375,11,73,12.0
351,33,64.0,4.0,5000.0,0.0,16.51,100,9349.0,5K-10K,1250.0,8,5,2337.25,146.078125,20,54,12.0
352,115,128.0,8.0,5000.0,0.0,16.94,79,19499.0,15K-20K,625.0,64,16,2437.375,152.3359375,11,73,12.0
353,72,64.0,4.0,5000.0,0.0,16.66,1,8288.0,5K-10K,1250.0,13,5,2072.0,129.5,15,64,12.0
354,9,64.0,4.0,4871.587800369686,0.0,16.51,21,12272.0,10K-15K,1217.8969500924215,50,13,3068.0,191.75,12,1,12.0
355,72,32.0,3.0,5000.0,0.0,16.66,1,6794.0,5K-10K,1666.6666666666667,13,5,2264.6666666666665,212.3125,15,64,12.0
356,119,128.0,6.0,5000.0,0.0,16.76,78,21999.0,20K+,833.3333333333334,50,8,3666.5,171.8671875,14,42,12.0
357,59,128.0,6.0,5000.0,0.0,16.76,101,18999.0,15K-20K,833.3333333333334,50,13,3166.5,148.4296875,14,42,12.0
358,166,110.55083179297597,4.0,4871.587800369686,0.0,16.94,44,31062.5,,1217.8969500924215,200,16,7765.625,280.9793422284644,12,57,12.0
359,91,64.0,4.0,5000.0,0.0,16.76,120,9699.0,5K-10K,1250.0,50,8,2424.75,151.546875,20,28,12.0
360,91,128.0,4.0,5000.0,0.0,16.76,120,10699.0,10K-15K,1250.0,50,8,2674.75,83.5859375,20,28,12.0
361,46,64.0,4.0,5000.0,0.0,16.51,58,10999.0,10K-15K,1250.0,50,16,2749.75,171.859375,6,93,12.0
362,265,32.0,2.0,5000.0,0.0,16.76,110,5999.0,5K-10K,2500.0,8,5,2999.5,187.46875,16,16,12.0
363,66,64.0,4.0,5000.0,0.0,16.54,65,11999.0,10K-15K,1250.0,13,5,2999.75,187.484375,22,77,12.0
364,227,110.55083179297597,4.0,4871.587800369686,0.0,16.36,52,27540.0,20K+,1217.8969500924215,64,50,6885.0,249.11617174959872,22,68,12.0
365,93,128.0,8.0,4871.587800369686,0.0,17.02,71,27877.0,20K+,608.9484750462108,50,32,3484.625,217.7890625,10,56,12.0
366,170,128.0,6.0,5000.0,0.0,16.76,78,21999.0,20K+,833.3333333333334,50,8,3666.5,171.8671875,14,42,12.0
367,206,32.0,2.0,5000.0,0.0,16.76,110,5990.0,5K-10K,2500.0,8,5,2995.0,187.1875,16,16,12.0
368,61,32.0,2.0,5000.0,0.0,16.76,110,5999.0,5K-10K,2500.0,8,5,2999.5,187.46875,16,16,12.0
369,182,128.0,6.0,4871.587800369686,0.0,16.76,8,21499.0,20K+,811.9313000616144,64,16,3583.1666666666665,167.9609375,12,46,12.0
370,40,128.0,8.0,5000.0,0.0,16.76,49,15999.0,15K-20K,625.0,50,16,1999.875,124.9921875,11,49,12.0
371,136,64.0,4.0,5000.0,0.0,16.43,75,11980.0,10K-15K,1250.0,50,16,2995.0,187.1875,6,39,12.0
372,235,64.0,2.0,5000.0,0.0,16.76,56,6999.0,5K-10K,2500.0,8,5,3499.5,109.359375,4,63,12.0
373,98,64.0,2.0,5000.0,0.0,16.76,56,6999.0,5K-10K,2500.0,8,5,3499.5,109.359375,4,63,12.0
374,121,64.0,2.0,5000.0,0.0,16.76,56,6999.0,5K-10K,2500.0,8,5,3499.5,109.359375,4,63,12.0
375,184,64.0,2.0,5000.0,0.0,16.76,56,6999.0,5K-10K,2500.0,8,5,3499.5,109.359375,4,63,12.0
376,156,128.0,8.0,5000.0,0.0,17.02,45,23999.0,20K+,625.0,108,16,2999.875,187.4921875,20,1,12.0
377,190,64.0,4.0,5000.0,0.0,16.76,76,11999.0,10K-15K,1250.0,50,16,2999.75,187.484375,20,11,12.0
378,189,128.0,4.0,5000.0,0.0,16.76,76,13499.0,10K-15K,1250.0,50,16,3374.75,105.4609375,20,11,12.0
379,120,64.0,4.0,5000.0,0.0,16.76,101,16499.0,15K-20K,1250.0,50,13,4124.75,257.796875,14,42,12.0
380,16,110.55083179297597,8.0,5000.0,0.0,16.76,4,31062.5,,625.0,48,13,3882.8125,280.9793422284644,14,42,12.0
381,188,64.0,4.0,5000.0,0.0,17.07,60,11349.0,10K-15K,1250.0,64,8,2837.25,177.328125,20,54,12.0
382,18,128.0,8.0,5000.0,0.0,16.76,4,30999.0,,625.0,48,13,3874.875,242.1796875,14,42,12.0
383,155,64.0,3.0,5000.0,0.0,16.66,65,9499.0,5K-10K,1666.6666666666667,8,5,3166.3333333333335,148.421875,9,15,12.0
384,155,64.0,3.0,5000.0,0.0,16.66,57,9790.0,5K-10K,1666.6666666666667,8,5,3263.3333333333335,152.96875,9,14,12.0
385,92,64.0,3.0,5000.0,0.0,16.66,65,9499.0,5K-10K,1666.6666666666667,8,5,3166.3333333333335,148.421875,9,15,12.0
386,110,128.0,8.0,4871.587800369686,0.0,17.02,71,28298.0,20K+,608.9484750462108,50,32,3537.25,221.078125,10,56,12.0
387,58,128.0,8.0,5000.0,0.0,17.02,45,23999.0,20K+,625.0,108,16,2999.875,187.4921875,20,1,12.0
388,100,128.0,8.0,5000.0,0.0,17.02,45,23999.0,20K+,625.0,108,16,2999.875,187.4921875,20,1,12.0
389,156,128.0,6.0,5000.0,0.0,17.02,45,22999.0,20K+,833.3333333333334,108,16,3833.1666666666665,179.6796875,20,1,12.0
390,100,128.0,6.0,5000.0,0.0,17.02,45,22999.0,20K+,833.3333333333334,108,16,3833.1666666666665,179.6796875,20,1,12.0
391,58,128.0,6.0,5000.0,0.0,17.02,45,22999.0,20K+,833.3333333333334,108,16,3833.1666666666665,179.6796875,20,1,12.0
392,186,128.0,8.0,5000.0,0.0,16.33,62,13999.0,10K-15K,625.0,64,16,1749.875,109.3671875,11,49,12.0
393,101,32.0,3.0,4871.587800369686,0.0,16.56,17,7049.0,5K-10K,1623.8626001232287,8,5,2349.6666666666665,220.28125,15,59,12.0
394,63,32.0,3.0,4871.587800369686,0.0,16.56,17,6960.0,5K-10K,1623.8626001232287,8,5,2320.0,217.5,15,59,12.0
395,56,128.0,4.0,5000.0,0.0,16.51,43,9104.0,5K-10K,1250.0,13,5,2276.0,71.125,14,42,12.0
396,129,110.55083179297597,4.0,4871.587800369686,0.0,17.22,48,16228.375231053604,,1217.8969500924215,50,50,4057.093807763401,146.7955959069021,22,70,12.0
397,33,128.0,6.0,5000.0,0.0,16.59,57,9499.0,5K-10K,833.3333333333334,13,5,1583.1666666666667,74.2109375,12,9,12.0
398,250,128.0,8.0,5000.0,0.0,16.66,75,16499.0,15K-20K,625.0,50,8,2062.375,128.8984375,9,18,12.0
399,243,32.0,2.0,5000.0,0.0,16.51,112,6999.0,5K-10K,2500.0,8,5,3499.5,218.71875,20,25,12.0
400,107,110.55083179297597,4.0,4871.587800369686,0.0,16.94,90,16228.375231053604,,1217.8969500924215,200,60,4057.093807763401,146.7955959069021,6,32,12.0
401,213,128.0,6.0,5000.0,0.0,16.76,78,21999.0,20K+,833.3333333333334,50,8,3666.5,171.8671875,14,42,12.0
402,59,128.0,8.0,5000.0,0.0,16.76,101,20999.0,20K+,625.0,50,13,2624.875,164.0546875,14,42,12.0
403,16,128.0,8.0,5000.0,0.0,16.76,4,30999.0,,625.0,48,13,3874.875,242.1796875,14,42,12.0
404,82,128.0,8.0,5000.0,0.0,17.22,105,30385.0,,625.0,64,16,3798.125,237.3828125,3,55,12.0
405,26,128.0,8.0,5000.0,0.0,16.71,47,19999.0,15K-20K,625.0,50,16,2499.875,156.2421875,22,82,12.0
406,218,64.0,6.0,5000.0,0.0,17.02,50,14999.0,10K-15K,833.3333333333334,50,16,2499.8333333333335,234.359375,4,57,12.0
407,195,64.0,4.0,4871.587800369686,0.0,17.259999999999994,115,8999.0,5K-10K,1217.8969500924215,13,8,2249.75,140.609375,4,43,12.0
408,69,110.55083179297597,4.0,5000.0,0.0,16.94,80,31062.5,,1250.0,64,16,7765.625,280.9793422284644,11,36,12.0
409,55,128.0,8.0,4871.587800369686,0.0,16.36,54,19990.0,15K-20K,608.9484750462108,50,44,2498.75,156.171875,22,84,12.0
410,242,32.0,2.0,5000.0,0.0,16.51,112,6999.0,5K-10K,2500.0,8,5,3499.5,218.71875,20,25,12.0
411,116,128.0,8.0,5000.0,0.0,16.94,79,19499.0,15K-20K,625.0,64,16,2437.375,152.3359375,11,73,12.0
412,78,128.0,4.0,5000.0,0.0,16.76,116,12900.0,10K-15K,1250.0,50,8,3225.0,100.78125,20,54,12.0
413,25,64.0,4.0,5000.0,0.0,16.76,101,16499.0,15K-20K,1250.0,50,13,4124.75,257.796875,14,42,12.0
414,216,64.0,3.0,5000.0,0.0,16.76,36,8990.0,5K-10K,1666.6666666666667,13,8,2996.6666666666665,140.46875,15,64,12.0
415,74,64.0,4.0,5000.0,0.0,16.76,116,10943.0,10K-15K,1250.0,50,8,2735.75,170.984375,20,52,12.0
416,217,128.0,8.0,4871.587800369686,0.0,16.060000000000006,16,16228.375231053604,,608.9484750462108,50,8,2028.5469038817005,126.78418149260628,1,58,12.0
417,165,128.0,8.0,4871.587800369686,0.0,16.060000000000006,16,16228.375231053604,,608.9484750462108,50,8,2028.5469038817005,126.78418149260628,1,58,12.0
418,239,64.0,6.0,4871.587800369686,0.0,16.43120147874307,91,13489.0,10K-15K,811.9313000616144,12,20,2248.1666666666665,210.765625,11,33,12.0
419,220,128.0,8.0,4871.587800369686,0.0,16.64,96,16228.375231053604,,608.9484750462108,50,32,2028.5469038817005,126.78418149260628,6,32,12.0
420,33,110.55083179297597,8.0,5000.0,0.0,16.94,80,31062.5,,625.0,64,16,3882.8125,280.9793422284644,11,36,12.0
421,181,64.0,3.0,5000.0,0.0,16.54,74,11209.0,10K-15K,1666.6666666666667,13,8,3736.3333333333335,175.140625,22,76,12.0
422,168,110.55083179297597,8.0,5000.0,0.0,16.94,44,26999.0,20K+,625.0,50,16,3374.875,244.22249531835206,12,57,12.0
423,242,64.0,4.0,5000.0,0.0,16.51,112,8499.0,5K-10K,1250.0,8,5,2124.75,132.796875,20,25,12.0
424,242,64.0,4.0,5000.0,0.0,16.51,112,8499.0,5K-10K,1250.0,8,5,2124.75,132.796875,20,25,12.0
425,25,128.0,8.0,5000.0,0.0,16.76,101,20999.0,20K+,625.0,50,13,2624.875,164.0546875,14,42,12.0
426,118,128.0,8.0,4871.587800369686,0.0,16.060000000000006,16,16228.375231053604,,608.9484750462108,50,8,2028.5469038817005,126.78418149260628,1,58,12.0
427,25,128.0,6.0,5000.0,0.0,16.76,70,17499.0,15K-20K,833.3333333333334,50,8,2916.5,136.7109375,14,42,12.0
428,171,128.0,8.0,5000.0,0.0,16.71,47,19999.0,15K-20K,625.0,50,16,2499.875,156.2421875,22,82,12.0
429,26,128.0,4.0,5000.0,0.0,16.71,47,17999.0,15K-20K,1250.0,50,16,4499.75,140.6171875,22,82,12.0
430,173,64.0,4.0,4871.587800369686,0.0,16.51,39,11499.0,10K-15K,1217.8969500924215,50,8,2874.75,179.671875,20,54,12.0
431,153,128.0,8.0,4871.587800369686,0.0,16.36,54,16988.0,15K-20K,608.9484750462108,50,44,2123.5,132.71875,22,84,12.0
432,240,128.0,4.0,5000.0,0.0,16.54,65,12989.0,10K-15K,1250.0,13,5,3247.25,101.4765625,22,77,12.0
433,137,128.0,6.0,5000.0,0.0,16.76,75,13999.0,10K-15K,833.3333333333334,50,16,2333.1666666666665,109.3671875,6,96,12.0
434,175,128.0,8.0,4871.587800369686,0.0,16.21,51,23999.0,20K+,608.9484750462108,64,16,2999.875,187.4921875,22,75,12.0
435,44,32.0,2.0,5000.0,0.0,16.59,18,7190.0,5K-10K,2500.0,13,5,3595.0,224.6875,13,10,12.0
436,44,32.0,3.0,5000.0,0.0,16.59,18,7990.0,5K-10K,1666.6666666666667,13,5,2663.3333333333335,249.6875,13,10,12.0
437,175,128.0,8.0,4871.587800369686,0.0,16.21,51,23999.0,20K+,608.9484750462108,64,16,2999.875,187.4921875,22,75,12.0
438,120,128.0,8.0,5000.0,0.0,16.76,101,20999.0,20K+,625.0,50,13,2624.875,164.0546875,14,42,12.0
439,99,64.0,4.0,5000.0,0.0,16.33,102,12990.0,10K-15K,1250.0,50,13,3247.5,202.96875,12,57,12.0
440,70,128.0,8.0,4871.587800369686,0.0,16.36,51,27999.0,20K+,608.9484750462108,64,50,3499.875,218.7421875,22,69,12.0
441,19,110.55083179297597,8.0,5000.0,0.0,16.76,4,31062.5,,625.0,48,13,3882.8125,280.9793422284644,14,42,12.0
442,80,64.0,6.0,5000.0,0.0,17.02,50,14999.0,10K-15K,833.3333333333334,50,16,2499.8333333333335,234.359375,4,57,12.0
443,136,64.0,4.0,5000.0,0.0,16.43,75,13999.0,10K-15K,1250.0,50,16,3499.75,218.734375,6,95,12.0
444,19,128.0,8.0,5000.0,0.0,16.76,4,30999.0,,625.0,48,13,3874.875,242.1796875,14,42,12.0
445,167,128.0,8.0,4871.587800369686,0.0,16.26,122,31062.5,,608.9484750462108,12,32,3882.8125,242.67578125,14,42,12.0
446,229,128.0,8.0,5000.0,0.0,16.76,49,19397.0,15K-20K,625.0,50,16,2424.625,151.5390625,12,57,12.0
447,255,128.0,8.0,4871.587800369686,0.0,16.36,51,27999.0,20K+,608.9484750462108,64,50,3499.875,218.7421875,22,69,12.0
448,241,32.0,3.0,5000.0,0.0,16.54,65,10989.0,10K-15K,1666.6666666666667,13,5,3663.0,343.40625,22,77,12.0
449,66,32.0,3.0,5000.0,0.0,16.54,65,10989.0,10K-15K,1666.6666666666667,13,5,3663.0,343.40625,22,77,12.0
450,88,110.55083179297597,3.0,4871.587800369686,0.0,16.69,92,17999.0,15K-20K,1623.8626001232287,64,16,5999.666666666667,162.81198167469236,20,72,12.0
451,250,128.0,8.0,4871.587800369686,0.0,16.33,75,20999.0,20K+,608.9484750462108,64,32,2624.875,164.0546875,9,34,12.0
452,222,128.0,6.0,5000.0,0.0,16.33,49,16990.0,15K-20K,833.3333333333334,108,16,2831.6666666666665,132.734375,12,57,12.0
453,99,64.0,4.0,4871.587800369686,0.0,17.259999999999994,115,8999.0,5K-10K,1217.8969500924215,13,8,2249.75,140.609375,4,43,12.0
454,227,128.0,8.0,4871.587800369686,0.0,16.36,52,29990.0,20K+,608.9484750462108,64,16,3748.75,234.296875,22,68,12.0
455,108,110.55083179297597,8.0,4871.587800369686,0.0,16.64,94,16228.375231053604,,608.9484750462108,48,32,2028.5469038817005,146.7955959069021,10,7,12.0
456,13,32.0,3.0,4871.587800369686,0.0,16.43120147874307,43,9387.0,5K-10K,1623.8626001232287,13,5,3129.0,293.34375,22,78,12.0
457,87,128.0,6.0,4871.587800369686,0.0,16.64,94,29790.0,20K+,811.9313000616144,48,16,4965.0,232.734375,10,7,12.0
458,30,128.0,8.0,4871.587800369686,0.0,16.36,98,24999.0,20K+,608.9484750462108,48,13,3124.875,195.3046875,10,56,12.0
459,233,128.0,8.0,5000.0,0.0,16.66,75,16499.0,15K-20K,625.0,50,8,2062.375,128.8984375,9,18,12.0
460,96,16.0,2.0,4871.587800369686,0.0,16.43120147874307,111,5799.0,5K-10K,2435.793900184843,5,2,2899.5,362.4375,8,20,12.0
461,186,128.0,6.0,5000.0,0.0,16.33,62,16499.0,15K-20K,833.3333333333334,64,16,2749.8333333333335,128.8984375,11,49,12.0
462,203,128.0,6.0,5000.0,0.0,16.59,18,10890.0,10K-15K,833.3333333333334,13,5,1815.0,85.078125,12,2,12.0
463,32,128.0,6.0,5000.0,0.0,16.59,18,10548.0,10K-15K,833.3333333333334,13,5,1758.0,82.40625,12,2,12.0
464,238,110.55083179297597,2.0,5000.0,0.0,16.81,95,31062.5,,2500.0,50,16,15531.25,280.9793422284644,20,41,12.0
465,16,110.55083179297597,8.0,5000.0,0.0,16.26,11,16228.375231053604,,625.0,50,32,2028.5469038817005,146.7955959069021,14,42,12.0
466,29,32.0,2.0,4871.587800369686,0.0,16.43120147874307,111,6299.0,5K-10K,2435.793900184843,5,2,3149.5,196.84375,8,20,12.0
467,151,128.0,8.0,5000.0,0.0,16.71,38,16990.0,15K-20K,625.0,50,16,2123.75,132.734375,22,80,12.0
468,171,128.0,4.0,5000.0,0.0,16.71,47,17999.0,15K-20K,1250.0,50,16,4499.75,140.6171875,22,82,12.0
469,187,64.0,4.0,5000.0,0.0,17.07,40,11490.0,10K-15K,1250.0,64,8,2872.5,179.53125,20,54,12.0
470,77,128.0,4.0,5000.0,0.0,16.76,40,12599.0,10K-15K,1250.0,50,8,3149.75,98.4296875,20,54,12.0
471,83,128.0,6.0,5000.0,0.0,16.33,61,16499.0,15K-20K,833.3333333333334,64,13,2749.8333333333335,128.8984375,12,57,12.0
472,7,110.55083179297597,6.0,4871.587800369686,0.0,16.69,93,17999.0,15K-20K,811.9313000616144,64,32,2999.8333333333335,162.81198167469236,20,72,12.0
473,251,128.0,8.0,4871.587800369686,0.0,16.36,52,31062.5,,608.9484750462108,64,16,3882.8125,242.67578125,22,68,12.0
474,25,64.0,8.0,4871.587800369686,0.0,16.43120147874307,121,16228.375231053604,,608.9484750462108,12,12,2028.5469038817005,253.56836298521256,0,100,12.0
475,257,128.0,8.0,4871.587800369686,0.0,16.36,85,24999.0,20K+,608.9484750462108,64,16,3124.875,195.3046875,22,65,12.0
476,258,128.0,6.0,4871.587800369686,0.0,16.36,85,23999.0,20K+,811.9313000616144,64,16,3999.8333333333335,187.4921875,22,65,12.0
477,145,32.0,2.0,5000.0,0.0,16.56,32,7199.0,5K-10K,2500.0,8,8,3599.5,224.96875,4,63,12.0
478,43,128.0,4.0,5000.0,0.0,16.76,83,15999.0,15K-20K,1250.0,50,8,3999.75,124.9921875,14,42,12.0
479,201,64.0,4.0,5000.0,0.0,16.59,30,8999.0,5K-10K,1250.0,13,5,2249.75,140.609375,11,26,12.0
480,201,64.0,4.0,5000.0,0.0,16.59,30,8999.0,5K-10K,1250.0,13,5,2249.75,140.609375,11,26,12.0
481,68,64.0,4.0,5000.0,0.0,16.51,58,8940.0,5K-10K,1250.0,16,8,2235.0,139.6875,6,89,12.0
482,258,128.0,8.0,4871.587800369686,0.0,16.36,84,24999.0,20K+,608.9484750462108,64,16,3124.875,195.3046875,22,65,12.0
483,263,64.0,4.0,5000.0,0.0,16.66,33,8288.0,5K-10K,1250.0,13,5,2072.0,129.5,15,64,12.0
484,201,32.0,3.0,5000.0,0.0,16.59,35,8499.0,5K-10K,1666.6666666666667,13,5,2833.0,265.59375,11,26,12.0
485,97,64.0,6.0,5000.0,0.0,16.76,118,9999.0,5K-10K,833.3333333333334,50,8,1666.5,156.234375,4,44,12.0
486,177,128.0,6.0,5000.0,0.0,16.76,70,17499.0,15K-20K,833.3333333333334,50,8,2916.5,136.7109375,14,42,12.0
487,145,64.0,4.0,5000.0,0.0,16.59,34,8999.0,5K-10K,1250.0,13,5,2249.75,140.609375,12,11,12.0
488,208,128.0,6.0,4871.587800369686,0.0,16.59,39,14999.0,10K-15K,811.9313000616144,48,13,2499.8333333333335,117.1796875,12,57,12.0
489,232,110.55083179297597,6.0,4871.587800369686,0.0,16.94,90,16228.375231053604,,811.9313000616144,200,60,2704.729205175601,146.7955959069021,6,32,12.0
490,171,128.0,8.0,5000.0,0.0,16.71,25,19979.0,15K-20K,625.0,50,16,2497.375,156.0859375,22,83,12.0
491,62,128.0,6.0,5000.0,0.0,17.02,51,23390.0,20K+,833.3333333333334,108,32,3898.3333333333335,182.734375,14,51,12.0
492,89,128.0,6.0,4871.587800369686,0.0,16.94,81,14385.0,10K-15K,811.9313000616144,48,16,2397.5,112.3828125,12,57,12.0
493,144,128.0,6.0,4871.587800369686,0.0,17.02,23,16228.375231053604,,811.9313000616144,12,12,2704.729205175601,126.78418149260628,0,100,12.0
494,192,110.55083179297597,6.0,4871.587800369686,0.0,16.66,46,30874.0,,811.9313000616144,64,32,5145.666666666667,279.2742442482611,22,69,12.0
495,123,128.0,8.0,5000.0,0.0,16.76,118,12999.0,10K-15K,625.0,108,8,1624.875,101.5546875,4,44,12.0
496,204,128.0,8.0,4871.587800369686,0.0,16.66,46,16228.375231053604,,608.9484750462108,64,32,2028.5469038817005,126.78418149260628,22,69,12.0
497,71,64.0,4.0,4871.587800369686,0.0,16.76,37,9999.0,5K-10K,1217.8969500924215,13,8,2499.75,156.234375,4,44,12.0
498,214,64.0,4.0,4871.587800369686,0.0,16.76,37,9999.0,5K-10K,1217.8969500924215,13,8,2499.75,156.234375,4,44,12.0
499,260,110.55083179297597,8.0,5000.0,0.0,17.02,63,16999.0,15K-20K,625.0,108,16,2124.875,153.76636904761904,4,57,12.0
500,266,110.55083179297597,8.0,5000.0,0.0,17.02,63,16999.0,15K-20K,625.0,108,16,2124.875,153.76636904761904,4,57,12.0
501,257,128.0,6.0,4871.587800369686,0.0,16.36,85,23999.0,20K+,811.9313000616144,64,16,3999.8333333333335,187.4921875,22,65,12.0
502,68,128.0,6.0,4871.587800369686,0.0,17.259999999999994,40,13999.0,10K-15K,811.9313000616144,50,8,2333.1666666666665,109.3671875,15,60,12.0
503,201,128.0,6.0,5000.0,0.0,17.04,39,10799.0,10K-15K,833.3333333333334,50,5,1799.8333333333333,84.3671875,12,4,12.0
504,76,32.0,3.0,5000.0,0.0,16.55,35,7999.0,5K-10K,1666.6666666666667,13,8,2666.3333333333335,249.96875,5,85,12.0
505,123,64.0,6.0,5000.0,0.0,16.76,118,9999.0,5K-10K,833.3333333333334,50,8,1666.5,156.234375,4,44,12.0
506,195,64.0,6.0,5000.0,0.0,16.76,118,9999.0,5K-10K,833.3333333333334,50,8,1666.5,156.234375,4,44,12.0
507,69,64.0,6.0,5000.0,0.0,16.76,118,9999.0,5K-10K,833.3333333333334,50,8,1666.5,156.234375,4,44,12.0
508,174,128.0,4.0,4871.587800369686,0.0,16.51,39,11762.0,10K-15K,1217.8969500924215,50,8,2940.5,91.890625,20,54,12.0
509,5,128.0,6.0,5000.0,0.0,16.76,49,18990.0,15K-20K,833.3333333333334,50,16,3165.0,148.359375,12,57,12.0
510,134,128.0,8.0,5000.0,0.0,16.76,49,18999.0,15K-20K,625.0,50,16,2374.875,148.4296875,12,57,12.0
511,152,128.0,8.0,5000.0,0.0,16.43120147874307,42,15999.0,15K-20K,625.0,50,16,1999.875,124.9921875,4,57,12.0
512,70,110.55083179297597,8.0,4871.587800369686,0.0,16.36,51,29418.0,20K+,608.9484750462108,64,50,3677.25,266.1038322632424,22,69,12.0
513,204,110.55083179297597,8.0,4871.587800369686,0.0,16.66,46,31062.5,,608.9484750462108,64,32,3882.8125,280.9793422284644,22,69,12.0
514,142,64.0,4.0,5000.0,0.0,16.26,59,11999.0,10K-15K,1250.0,50,13,2999.75,187.484375,6,94,12.0
515,19,110.55083179297597,8.0,5000.0,0.0,16.26,11,16228.375231053604,,625.0,50,32,2028.5469038817005,146.7955959069021,14,42,12.0
516,41,32.0,2.0,5000.0,0.0,16.51,69,7499.0,5K-10K,2500.0,8,5,3749.5,234.34375,20,21,12.0
517,178,128.0,4.0,5000.0,0.0,16.71,75,15499.0,15K-20K,1250.0,50,8,3874.75,121.0859375,22,79,12.0
518,182,110.55083179297597,8.0,4871.587800369686,0.0,16.76,8,29990.0,20K+,608.9484750462108,64,16,3748.75,271.27792268592833,12,46,12.0
519,158,32.0,3.0,5000.0,0.0,16.66,33,7280.0,5K-10K,1666.6666666666667,13,5,2426.6666666666665,227.5,15,64,12.0
520,193,128.0,3.0,4871.587800369686,0.0,17.02,2,16228.375231053604,,1623.8626001232287,12,12,5409.458410351202,126.78418149260628,0,100,12.0
521,262,64.0,4.0,5000.0,0.0,16.66,56,8999.0,5K-10K,1250.0,13,5,2249.75,140.609375,15,64,12.0
522,82,110.55083179297597,4.0,5000.0,0.0,17.22,9,16228.375231053604,,1250.0,64,16,4057.093807763401,146.7955959069021,3,55,12.0
523,140,64.0,4.0,5000.0,0.0,16.51,49,13499.0,10K-15K,1250.0,48,16,3374.75,210.921875,20,9,12.0
524,254,64.0,4.0,5000.0,0.0,16.51,49,13499.0,10K-15K,1250.0,48,16,3374.75,210.921875,20,9,12.0
525,230,128.0,4.0,4871.587800369686,0.0,17.02,121,16228.375231053604,,1217.8969500924215,12,12,4057.093807763401,126.78418149260628,0,100,12.0
526,135,128.0,8.0,4871.587800369686,0.0,16.21,51,23999.0,20K+,608.9484750462108,64,16,2999.875,187.4921875,22,75,12.0
527,261,128.0,8.0,4871.587800369686,0.0,16.21,51,23999.0,20K+,608.9484750462108,64,16,2999.875,187.4921875,22,75,12.0
528,29,128.0,6.0,5000.0,0.0,16.76,70,17499.0,15K-20K,833.3333333333334,50,8,2916.5,136.7109375,14,42,12.0
529,150,64.0,4.0,5000.0,0.0,16.51,117,8460.0,5K-10K,1250.0,8,5,2115.0,132.1875,20,54,12.0
530,42,128.0,4.0,5000.0,0.0,16.51,65,12999.0,10K-15K,1250.0,50,5,3249.75,101.5546875,14,42,12.0
531,231,128.0,8.0,4871.587800369686,0.0,16.33,72,20890.0,20K+,608.9484750462108,64,16,2611.25,163.203125,9,35,12.0
532,29,64.0,8.0,4871.587800369686,0.0,16.43120147874307,121,16228.375231053604,,608.9484750462108,12,12,2028.5469038817005,253.56836298521256,0,100,12.0
533,177,128.0,6.0,5000.0,0.0,16.76,13,16499.0,15K-20K,833.3333333333334,50,8,2749.8333333333335,128.8984375,14,42,12.0
534,96,64.0,4.0,5000.0,0.0,16.55,68,9790.0,5K-10K,1250.0,50,8,2447.5,152.96875,8,37,12.0
535,119,64.0,3.0,5000.0,0.0,16.51,65,9999.0,5K-10K,1666.6666666666667,13,5,3333.0,156.234375,14,42,12.0
536,49,110.55083179297597,8.0,4871.587800369686,0.0,16.43120147874307,89,16228.375231053604,,608.9484750462108,50,12,2028.5469038817005,146.7955959069021,14,42,12.0
537,52,32.0,2.0,4871.587800369686,0.0,16.43120147874307,68,5998.0,5K-10K,2435.793900184843,5,2,2999.0,187.4375,5,86,12.0
538,259,64.0,4.0,5000.0,0.0,16.76,35,9990.0,5K-10K,1250.0,50,8,2497.5,156.09375,15,64,12.0
539,17,128.0,8.0,5000.0,0.0,16.26,11,16228.375231053604,,625.0,50,32,2028.5469038817005,126.78418149260628,14,42,12.0
540,215,128.0,4.0,5000.0,0.0,16.66,57,15999.0,15K-20K,1250.0,50,8,3999.75,124.9921875,9,17,12.0
